jogo_id,Gasto_Medio_por_Torcedor,Receita_Total_Produto,receita_total_jogo,participacao_percentual
JOGO_1,10.0,494760.0,494760.0,100.0
JOGO_2,12.666666666666666,2006476.0,2006476.0,100.0
JOGO_3,11.0,1091244.0,1091244.0,100.0
JOGO_4,11.0,1612446.0,1612446.0,100.0
JOGO_5,13.333333333333334,2263160.0,2263160.0,100.0
JOGO_6,11.666666666666666,1475250.0,1475250.0,100.0
JOGO_7,13.333333333333334,1559600.0,1559600.0,100.0
JOGO_8,15.666666666666666,2726000.0,2726000.0,100.0
